feature,importance,std
rmse_max_01,0.019227833260592887,0.004807847748926014
spectral_bandwidth_std_01,0.009543662884097099,0.004926405516023263
zcr_std_01,0.008706348720094598,0.005061372972608007
spectral_contrast_skew_02,0.006390687818817875,0.0027625720355127083
spectral_contrast_max_06,0.005887949009794863,0.004144881231610157
mfcc_min_01,0.005591847309824921,0.001854763418176848
spectral_contrast_median_03,0.005590775022199068,0.002479351943047273
mfcc_median_03,0.005583346569113579,0.0038602018746533477
chroma_stft_std_06,0.005311374125449031,0.0035218857795971943
mfcc_std_04,0.005216916188003118,0.0017238763350535123
mfcc_min_05,0.004985584121213149,0.005644318731446644
chroma_stft_min_03,0.004728740899289113,0.0031206908070396076
mfcc_kurtosis_01,0.004712809619086278,0.001800977007635873
mfcc_kurtosis_06,0.004678973481431209,0.0010474396326415765
mfcc_skew_06,0.004339614851169793,0.00396779597942918
mfcc_mean_17,0.00432957867983041,0.0021552908329376657
chroma_stft_median_01,0.004207149679525052,0.0022440704582046434
tonnetz_std_01,0.004124363553618404,0.0019690396038278555
rmse_min_01,0.004109339289507924,0.004246123739568715
mfcc_std_15,0.004098737578734091,0.0018113322055063768
mfcc_median_04,0.004009554437502172,0.0037774273775389652
zcr_median_01,0.003971876845746148,0.003192306131188389
tonnetz_kurtosis_04,0.0038939143483613494,0.0018806459427778521
spectral_contrast_max_01,0.00382935877892962,0.004193800375643557
mfcc_std_02,0.00370630642384282,0.003869273069766391
mfcc_std_13,0.0036535157947886754,0.002481583594438828
mfcc_max_07,0.0036002611184086596,0.002597589479141944
mfcc_min_10,0.003598975583600289,0.0022052074521615845
rmse_skew_01,0.0035690835093314666,0.0015940334851311934
mfcc_max_16,0.0035175562131322833,0.0023398333712864846
tonnetz_std_02,0.0033172660267083987,0.0024045857735176877
mfcc_max_10,0.0033026114752757072,0.0015965408531425117
mfcc_median_08,0.0032532999456062472,0.0024695621759443682
chroma_cqt_skew_02,0.0032521130540159537,0.0020573908949231257
spectral_contrast_skew_03,0.0032515473273267204,0.004186460962824708
tonnetz_std_05,0.0030639586188228873,0.0019352353113697685
zcr_max_01,0.003039394260694239,0.0018864787112159262
tonnetz_std_06,0.003014248836501482,0.0018716449319605712
mfcc_skew_04,0.0029274207720166256,0.0028999475414666523
spectral_bandwidth_kurtosis_01,0.002819084016287693,0.0016634412094697203
chroma_stft_mean_06,0.0027964892247070326,0.0016245815545658992
zcr_mean_01,0.002775159868756616,0.0038359958654669646
tonnetz_std_03,0.0027637671366767145,0.001716951700310026
chroma_stft_median_07,0.0027421817582910903,0.003133297938521978
spectral_contrast_median_01,0.002723207201831884,0.0018512916385310977
mfcc_std_06,0.002696280901997028,0.0016058365731259302
chroma_cqt_std_10,0.002597877568515933,0.001617284792413282
mfcc_median_07,0.0025957978228917933,0.001516925735453382
mfcc_kurtosis_09,0.002535418665307554,0.0032688640868339075
mfcc_max_06,0.0024029403717665044,0.001912599668126837
chroma_stft_std_03,0.0023594633072390623,0.0014422633085834627
chroma_stft_std_01,0.0023587837733911434,0.003281846412264786
spectral_rolloff_max_01,0.002323716626281963,0.002251433884129496
mfcc_mean_07,0.0023164398706787604,0.00254785227443179
mfcc_mean_04,0.0022163150143695797,0.0029090214504472332
tonnetz_kurtosis_01,0.0021858225029609433,0.0032331820622152237
mfcc_mean_08,0.0021791812946802547,0.0023412412447239004
chroma_cens_max_11,0.002134088610633994,0.00130288906740366
mfcc_min_04,0.002099665505809861,0.0017872816255868629
chroma_cens_median_04,0.0020969584793054607,0.0022181545600268118
mfcc_kurtosis_17,0.002051955663580257,0.0032474786281140367
chroma_stft_mean_10,0.002049589239623939,0.0019675399239375553
mfcc_kurtosis_12,0.002041278524035689,0.002429806791421406
mfcc_std_09,0.0020207381152257398,0.0019643544789260596
mfcc_median_20,0.0020160094293696753,0.0023856493630486164
chroma_stft_mean_04,0.001991032073629989,0.0011713597380119335
chroma_stft_std_09,0.001925413981551144,0.0010365574241890088
mfcc_min_19,0.0019202214487103852,0.002512474743393189
mfcc_max_13,0.0018907068883614875,0.002674551859747491
chroma_cqt_min_11,0.0018737377726288362,0.0019459931628657751
chroma_stft_std_11,0.0018671438380001627,0.0027474296414964194
chroma_cqt_std_01,0.0018492306891703726,0.0013186006266816448
chroma_cens_std_11,0.0018478716858681577,0.0009814552772162532
mfcc_kurtosis_18,0.0018252819702782475,0.0018890902825694628
chroma_stft_median_12,0.0017855968787587773,0.0013292918816815741
chroma_stft_std_05,0.0017764906097005539,0.0013312512666890494
chroma_cqt_median_02,0.001772848593540266,0.002000494032188823
spectral_centroid_min_01,0.0017540519367766293,0.00243297499912789
mfcc_std_20,0.0017100914061164818,0.0011522286031423916
tonnetz_mean_05,0.0017008861772244532,0.001579884675641997
rmse_std_01,0.0016310204114919236,0.0035953033688525546
tonnetz_min_03,0.0016218481265118435,0.001189225911871012
mfcc_max_02,0.0016063587573022509,0.004297251710395139
mfcc_std_18,0.001593336499037351,0.0017546881183264477
chroma_cens_max_10,0.0015756345438057262,0.0012201338663070697
zcr_kurtosis_01,0.0015483430708615297,0.0014614436864208082
chroma_stft_kurtosis_10,0.0015208836499119804,0.0023188331171357965
chroma_cens_max_07,0.0014992004001187996,0.0016502114756639552
mfcc_std_16,0.0014921026610777543,0.0017822344555796523
tonnetz_skew_01,0.001462924001576893,0.0017884031568405746
mfcc_mean_05,0.0014478123470107907,0.0028969535787419748
mfcc_mean_13,0.0014185115583176088,0.0014005867189017115
mfcc_min_20,0.0013714706742155303,0.004744795470643462
chroma_cqt_kurtosis_11,0.0013443938083209817,0.0010253718587863677
mfcc_min_13,0.0013295327121357614,0.004340195860364414
tonnetz_max_04,0.0013273342650537757,0.0018496381885710915
chroma_cens_median_03,0.0013184866078897127,0.002588598480285093
rmse_kurtosis_01,0.0013162049476884929,0.0035239647185497766
mfcc_skew_16,0.001314986014428765,0.0011042262818941279
mfcc_min_11,0.0013088817223769812,0.0013598280789943566
spectral_centroid_skew_01,0.0013032615803380387,0.0018042514906793383
spectral_contrast_std_02,0.0012988507593258924,0.0032362188792644775
chroma_stft_mean_12,0.00126037678164016,0.0025878116810656034
chroma_stft_min_01,0.001258225152076692,0.0010234273103425884
spectral_contrast_max_07,0.0011862805597522175,0.0024144102814820183
mfcc_kurtosis_13,0.0011850504821776908,0.002296828630970454
chroma_cens_mean_02,0.0011347905838888061,0.001912878633197108
spectral_contrast_median_07,0.0011285436586211451,0.0022478903192444076
tonnetz_min_04,0.0010858996933185538,0.001397781421334488
chroma_stft_std_07,0.001082424295884349,0.0025357086307843837
mfcc_kurtosis_10,0.0010783965706753662,0.0020735302751908784
chroma_stft_mean_01,0.0010730184409590616,0.0009868672464573482
mfcc_median_05,0.001041152775703247,0.0019258293126297613
chroma_cqt_kurtosis_12,0.001039913064575526,0.002216728876250178
spectral_contrast_skew_01,0.001039626365891755,0.0011487178808986468
chroma_stft_skew_05,0.0010363522397191295,0.0006394626757181539
mfcc_median_17,0.0010331826960356838,0.0009939937255882872
chroma_cqt_min_02,0.0010310609860277099,0.0008248780833692435
chroma_stft_mean_11,0.001013657620254027,0.001460499915655325
chroma_cqt_kurtosis_03,0.001010620201215251,0.0013732963040970028
spectral_contrast_skew_07,0.0010046806595568226,0.00136673603839644
chroma_cqt_min_12,0.0009764894211105046,0.0014086092010258732
tonnetz_median_04,0.0009679211123607923,0.00045169020186472793
chroma_cens_median_07,0.0009661063016049243,0.0011540207181542793
chroma_cens_kurtosis_01,0.000958483292430773,0.00282239306741501
chroma_cens_mean_09,0.0009457237161341059,0.00042965611789855474
tonnetz_median_01,0.0009339142934669476,0.001160996468354916
spectral_bandwidth_max_01,0.0008797528658270881,0.0037838188255371816
chroma_cens_median_02,0.0008789068359658702,0.0014359421929418987
chroma_cens_kurtosis_04,0.0008779424348443476,0.0019810803805522573
chroma_cens_kurtosis_03,0.0008568655440711004,0.0006559803672759294
mfcc_std_14,0.0008532374409461252,0.0018447400006539705
chroma_cqt_kurtosis_04,0.0008509684929805583,0.0011058404469764611
chroma_stft_min_11,0.0008349222822575164,0.0024492157522947463
mfcc_skew_05,0.0008215508873952893,0.0012988876442404653
tonnetz_skew_02,0.0008036766282920992,0.0005256815631439298
chroma_cens_min_02,0.0008034001652443779,0.0007675919751903047
mfcc_min_09,0.0007863452139311667,0.001654139396620904
mfcc_kurtosis_08,0.0007279502050269837,0.0017342917076681905
chroma_stft_std_04,0.0007275329146715304,0.0020047094076083858
chroma_cqt_skew_12,0.0007107816819719781,0.0005323580907604109
chroma_cqt_kurtosis_09,0.0006866928178409059,0.00031703284288993214
chroma_stft_min_10,0.0006862298186891324,0.0007037011016956534
tonnetz_kurtosis_05,0.0006712584589351866,0.0014412722118029488
chroma_cqt_median_05,0.000663131802357636,0.0003015753333845511
chroma_cqt_kurtosis_07,0.0006594240327692901,0.0014428170073665847
tonnetz_skew_06,0.0006486644484378301,0.0006927479619104358
tonnetz_median_06,0.0006452202546293195,0.0014489808664570308
chroma_cens_std_02,0.0006392477020980003,0.0006565198752283688
chroma_cens_skew_04,0.0006329535565427258,0.001031334445782884
chroma_stft_kurtosis_07,0.0006260889639298772,0.0006845927726628454
spectral_contrast_kurtosis_06,0.0006159254671335102,0.0023913360905441273
chroma_stft_mean_05,0.0005888927686943102,0.000784627935555805
mfcc_max_18,0.0005739873980368293,0.0014096285219368874
mfcc_std_03,0.0005723961598946559,0.003246122524336883
spectral_centroid_std_01,0.0005611914881055391,0.0011650903308083735
chroma_cqt_kurtosis_01,0.0005237242874774728,0.001897836430588113
mfcc_median_06,0.000519085540802805,0.0013756378318726112
mfcc_max_03,0.0005127790307110803,0.0016927797336833794
chroma_cens_median_01,0.000511290567347672,0.0004160609502012056
mfcc_mean_18,0.0004969305054608131,0.003845976117296061
mfcc_kurtosis_16,0.0004946175051567525,0.0007795376754108727
mfcc_mean_03,0.00048222013680503383,0.0035488103568087695
chroma_cqt_kurtosis_05,0.00047961671511852487,0.0006440856641617844
chroma_cens_kurtosis_08,0.00046174258086761346,0.0010864549023156796
spectral_contrast_mean_03,0.0004559820480700305,0.0011653159056179594
chroma_cens_std_08,0.00044432830462532433,0.0005960352848441478
chroma_stft_min_02,0.0004429956342246244,0.00032426423863374856
chroma_cens_median_06,0.0004346491580756895,0.0010597583642629328
chroma_stft_kurtosis_03,0.00042144823401373823,0.0019477237521543379
chroma_stft_mean_07,0.0004175751939488381,0.00047528460641007035
spectral_bandwidth_mean_01,0.00041647640830229095,0.0006951225705523942
mfcc_skew_01,0.0004101051397203792,0.0018072953086626662
chroma_cqt_skew_07,0.00040815426811874886,0.00038594684634260507
chroma_cens_median_12,0.0003841511384077512,0.0009412746536807393
chroma_cens_kurtosis_07,0.0003829145734506378,0.0008692856749775628
chroma_stft_median_09,0.0003807791975381003,0.001257290782145357
chroma_cens_kurtosis_02,0.0003776866695677894,0.0010032375372655193
chroma_cqt_skew_10,0.00037003986191893603,0.001803440838722127
chroma_cens_min_01,0.0003670609592066332,0.00032206586338558483
chroma_cqt_median_03,0.00036471541231155593,0.0013343146472174178
spectral_rolloff_std_01,0.0003548356223315563,0.0015575698996736387
chroma_cqt_skew_09,0.00034720529774608376,0.0007403101796430915
mfcc_skew_07,0.0003454198507859274,0.0031076309793241982
mfcc_skew_17,0.00034269542388533635,0.0008087550579352439
chroma_cens_std_04,0.0003400356485901479,0.00018051061223016255
chroma_cqt_median_04,0.00033424985839595746,0.0023795301823999406
mfcc_skew_11,0.00033374163825919954,0.0007594872317483867
mfcc_kurtosis_03,0.0003322470192008931,0.0021992187604898327
chroma_cens_max_01,0.00032990186762571483,0.0009474082906857257
mfcc_median_19,0.000326905035279379,0.0009057022895380974
chroma_cens_std_01,0.0003184457450516265,0.0016830719979805
mfcc_median_18,0.0003040169415563287,0.002970620469334917
chroma_cqt_mean_09,0.0003016525265397363,0.0014075592614550012
chroma_stft_median_10,0.00030005016295895915,0.0011970378641205407
chroma_cqt_mean_07,0.0002964765063002472,0.0015329177229703962
chroma_cqt_min_04,0.0002958051597050204,0.0027917941885337726
chroma_cqt_std_03,0.0002895876145708576,0.0015201176972972324
mfcc_kurtosis_15,0.0002849579937543534,0.0008135590187210471
tonnetz_kurtosis_06,0.00026908486212721126,0.00216899919272423
chroma_cens_skew_10,0.00026787421699738244,0.0010928959247869829
mfcc_max_17,0.0002537717502135273,0.0032132867731187974
chroma_cens_median_10,0.0002500102277217975,0.0018091629190756285
chroma_cqt_mean_11,0.00024820538421033156,0.0006675563633854636
chroma_cqt_std_11,0.00024605458931512556,0.0015518532266881318
chroma_cqt_median_07,0.00023852028150551653,0.0004448906686588342
mfcc_skew_13,0.0002375847551926602,0.0019719786093996706
tonnetz_std_04,0.0002339163772489161,0.0013646648663545118
spectral_contrast_min_07,0.00023172395092024844,0.00264551308982538
mfcc_max_05,0.00021814204030838337,0.0020188054741986723
spectral_contrast_kurtosis_05,0.00020781059599329078,0.002139629224299472
mfcc_kurtosis_07,0.00019166371662796556,0.0011029742208429638
chroma_cqt_mean_08,0.00018874362428039081,0.00027124891325143463
spectral_contrast_kurtosis_07,0.00017750886975614888,0.001731147697939616
mfcc_median_10,0.00017576389710960427,0.0012430447896428416
chroma_cens_max_06,0.00016037647936095745,0.0017628897480556922
chroma_cens_skew_01,0.00015340922901931897,0.0009473983122523984
chroma_cqt_mean_04,0.0001465928747962919,0.0005532148676884412
spectral_contrast_median_06,0.00013448745867849498,0.0023004854945242108
mfcc_std_08,0.00013069429366281416,0.0014188795189950248
mfcc_max_20,0.00012982685468012622,0.001910228508583266
chroma_cqt_kurtosis_08,0.00012859128188595913,0.000617868868984698
spectral_centroid_kurtosis_01,0.0001242214426165622,0.002469554994368342
spectral_contrast_max_05,0.00012052029154717147,0.0006050135695089433
chroma_cens_kurtosis_11,0.00011714220773142991,0.0007215869361571501
tonnetz_max_05,0.00010383652882482997,0.000885950718914044
chroma_stft_kurtosis_01,9.994787260884098e-05,0.0019720502985797186
chroma_stft_min_09,9.775992527198407e-05,0.00022873879383870091
mfcc_kurtosis_19,9.022066213023593e-05,0.0024777447131764537
mfcc_kurtosis_11,8.102846296806354e-05,0.0006954113260464034
chroma_cens_median_09,7.329581660316387e-05,0.0010709804314056823
mfcc_mean_12,7.292684661042159e-05,0.00045932424443812826
chroma_cens_min_06,6.6778189943828e-05,0.00014045435764221728
spectral_rolloff_mean_01,6.652773846550497e-05,0.0029386888188752875
chroma_cens_min_07,2.9766031061218003e-05,0.00027257248154132787
chroma_cens_mean_07,2.436460186000522e-05,0.0002713131836816718
chroma_cens_min_05,8.357950859200213e-06,0.00020383427729306485
chroma_stft_max_02,0.0,0.0
chroma_stft_max_09,0.0,0.0
chroma_cqt_max_01,0.0,0.0
chroma_stft_max_10,0.0,0.0
chroma_stft_max_11,0.0,0.0
chroma_cqt_max_02,0.0,0.0
chroma_stft_max_08,0.0,0.0
chroma_stft_max_12,0.0,0.0
chroma_cqt_max_04,0.0,0.0
chroma_cqt_max_03,0.0,0.0
chroma_cqt_max_05,0.0,0.0
chroma_cqt_max_12,0.0,0.0
chroma_cqt_max_11,0.0,0.0
chroma_stft_max_03,0.0,0.0
chroma_stft_max_04,0.0,0.0
chroma_stft_max_05,0.0,0.0
chroma_stft_max_06,0.0,0.0
chroma_cqt_max_10,0.0,0.0
chroma_cqt_max_06,0.0,0.0
chroma_stft_max_07,0.0,0.0
chroma_stft_max_01,0.0,0.0
chroma_cqt_max_09,0.0,0.0
chroma_cqt_max_07,0.0,0.0
chroma_cqt_max_08,0.0,0.0
chroma_cens_std_05,-4.4323523084033313e-07,0.0011478145951335378
tonnetz_median_02,-4.3276043924400655e-06,0.0014218017591607502
mfcc_mean_11,-8.57875157544985e-06,0.00164761881972171
mfcc_mean_02,-1.1635520577457648e-05,0.0008319649152805902
chroma_cens_min_08,-3.098414071626143e-05,9.652506581310102e-05
chroma_stft_min_05,-3.6036947775142106e-05,0.00080723402426204
tonnetz_max_03,-5.448415450078348e-05,0.0012511952992306583
mfcc_min_15,-5.7782347715801265e-05,0.0012999588514461078
mfcc_median_15,-5.9369791861729745e-05,0.001370094717565615
chroma_cqt_kurtosis_02,-6.703316024637695e-05,0.002326881939669714
chroma_cens_skew_05,-8.043702052267232e-05,0.00064924165072081
mfcc_skew_19,-8.111793635312559e-05,0.0007667125271218286
chroma_cens_kurtosis_05,-8.48879177675621e-05,0.0011762971379469804
tonnetz_mean_02,-9.813789306469256e-05,0.0010462451626545672
mfcc_mean_15,-0.00010501415696687055,0.0016236264801037345
chroma_cens_kurtosis_12,-0.00011770968972010242,0.0006157147166021784
spectral_contrast_std_03,-0.00011795831100022136,0.0014491009796282588
mfcc_mean_16,-0.00011955134560642233,0.002848361231322673
chroma_cens_min_11,-0.0001261935039902906,0.00010445869440595347
chroma_cens_min_03,-0.00012724889206276458,0.000664912704385578
mfcc_min_02,-0.00012756324919465655,0.0013345742528548265
mfcc_mean_09,-0.0001364735859612498,0.0016611255706245449
mfcc_kurtosis_04,-0.0001480804253202128,0.0023786050337091416
mfcc_mean_10,-0.00015364154242287765,0.0010947547609289961
tonnetz_mean_01,-0.00015585144195963684,0.0022241308893049773
chroma_cqt_min_08,-0.0001708530130910768,0.00017707384717793577
chroma_stft_std_10,-0.00017202321329014004,0.0004413260886274271
mfcc_std_17,-0.00017598698436058213,0.002081493113752941
chroma_cqt_median_08,-0.00017628728627217539,0.00038722187974307004
spectral_centroid_median_01,-0.00018927840417026776,0.0015609508996389675
spectral_centroid_mean_01,-0.00019773997836035616,0.0019311620291527515
chroma_stft_skew_01,-0.0002009339748319905,0.0005723474783336357
mfcc_max_11,-0.00020132611223276365,0.0025920292290590894
spectral_contrast_mean_05,-0.00022613102137233887,0.0012821578732175236
chroma_cens_mean_08,-0.00023147476566549586,0.0005205022066237346
chroma_stft_min_04,-0.0002315742869284765,0.0003308411523629107
spectral_contrast_max_02,-0.00023277954316026084,0.0006845993255268854
chroma_cqt_skew_04,-0.00023775609258027685,0.0025915160283818185
chroma_stft_median_06,-0.0002455662907555944,0.002556654036088705
chroma_cens_median_08,-0.00024991604306053293,0.001878958381287263
mfcc_min_12,-0.00025845576557002593,0.0011469561433249274
chroma_cens_mean_06,-0.00026353948826364216,0.00032637167933709206
chroma_cqt_skew_08,-0.00026424365610602796,0.0003258328007966477
chroma_cens_mean_12,-0.00027321044630060354,0.0003525147409198075
mfcc_min_17,-0.00027438722848533993,0.0006853396487456609
chroma_cens_max_09,-0.0002887290642913154,0.0025365241316586554
mfcc_min_14,-0.00029954420881241897,0.0018273137215852964
chroma_cqt_min_01,-0.0003247803062291499,0.000686831692297378
chroma_cqt_mean_06,-0.0003376613895167968,0.0007067199124348636
mfcc_mean_01,-0.0003448381900229558,0.0014591030489408934
chroma_stft_min_08,-0.00036906221470253133,0.0007973571959711781
chroma_stft_skew_06,-0.0003822299338600621,0.000437817054907059
chroma_cens_min_10,-0.0003862761465845743,0.0002670822349702284
chroma_cens_max_05,-0.00038784313158661267,0.0013595653889690782
chroma_cens_std_03,-0.0003922679219563907,0.001180250889382227
spectral_contrast_median_05,-0.0003931546146921705,0.002507580910461209
rmse_median_01,-0.0004023016101260213,0.002319270880855254
mfcc_skew_14,-0.00040288640476093265,0.001837652402422032
tonnetz_skew_04,-0.0004037429133475545,0.0006952327483087954
chroma_cens_skew_06,-0.0004189098729317275,0.0005854575113078234
chroma_cqt_skew_01,-0.00044822444561774534,0.00045664577698905615
chroma_cqt_mean_05,-0.00045291670366424676,0.0010388657201663091
mfcc_median_16,-0.00045327359360445294,0.0025320441266275377
spectral_contrast_mean_07,-0.0004787440661334075,0.0019341593592243358
chroma_cens_median_05,-0.0004876506339965836,0.001384380822296764
chroma_cens_mean_04,-0.0004887097593216427,0.0006022701698039753
zcr_skew_01,-0.0005042326809324371,0.000629848940596015
chroma_cens_max_02,-0.0005059851711361751,0.0009733078141917119
chroma_cens_std_09,-0.0005186716179122419,0.001026056840704342
spectral_bandwidth_skew_01,-0.000528027517112628,0.0010464754739981544
tonnetz_min_05,-0.0005406907112099513,0.00224326797403837
chroma_cqt_skew_03,-0.0005412447230841999,0.0017641581752449078
mfcc_max_09,-0.0005564124678459126,0.0018334313745945918
mfcc_kurtosis_20,-0.00057217687533202,0.00118137466082352
spectral_rolloff_skew_01,-0.0005739155489422332,0.0009015730542688609
spectral_contrast_kurtosis_04,-0.0005862564656630876,0.004624186769058288
spectral_bandwidth_min_01,-0.0005879789689042958,0.002676255439898582
mfcc_median_01,-0.0005880220566041316,0.003814614575778776
spectral_contrast_skew_06,-0.0005929363989553127,0.0011671725480022189
chroma_cqt_min_06,-0.0005931610684031585,0.0009476052868748628
chroma_stft_min_07,-0.0005989651522548045,0.0021417181286874512
chroma_cqt_skew_05,-0.0006026479943752161,0.0009313393591371745
spectral_contrast_max_03,-0.0006045829713711426,0.0009627451321780683
chroma_cqt_min_05,-0.0006159841714065307,0.0030552410856375996
spectral_rolloff_median_01,-0.0006276824040727935,0.0027829557774540583
mfcc_median_13,-0.000628132899877315,0.0014036092052041014
tonnetz_median_03,-0.0006412578641715794,0.001366213168851662
chroma_cqt_min_03,-0.0006417376607266767,0.0006686733966013901
chroma_cens_mean_10,-0.0006425260807171596,0.0009563018725775174
tonnetz_median_05,-0.0006476066831907878,0.0007153544060653005
chroma_stft_skew_08,-0.0006788775211205411,0.0014828378741800717
chroma_stft_skew_11,-0.0006838498991101338,0.0013488154757559975
mfcc_median_11,-0.0007249272862989653,0.0015458226575722719
mfcc_kurtosis_05,-0.0007287184955671988,0.001098439215152605
chroma_stft_median_02,-0.0007455984927539627,0.001628472991375528
chroma_cens_min_09,-0.0007478185921411362,0.00010245273429854253
chroma_stft_kurtosis_06,-0.0007542921857434548,0.0016042610986026426
mfcc_skew_10,-0.0007578729657110705,0.0017486776726629055
mfcc_mean_19,-0.0007688318438942299,0.0021532384651370457
mfcc_min_08,-0.000778380270150536,0.001261404958217195
chroma_stft_median_11,-0.0007807998328089816,0.0006622736157913748
spectral_contrast_kurtosis_01,-0.0007871843325068462,0.0015796280087684127
chroma_cens_min_12,-0.0008096970059364827,0.0006037153329591195
chroma_cens_skew_03,-0.0008175364998086021,0.0020232214588017912
chroma_stft_median_05,-0.0008382289031119816,0.002527997751048821
mfcc_std_12,-0.0008419842066273275,0.0013341736181106687
tonnetz_min_02,-0.0008422514957726224,0.002891532821891274
chroma_stft_median_08,-0.000844501270353859,0.0011691419068711028
spectral_contrast_mean_06,-0.0008445213887844638,0.0016226341424675766
chroma_cqt_mean_12,-0.0008579952500155863,0.0005573289179300274
chroma_stft_median_04,-0.0008583071504696671,0.0026739882516738723
chroma_cqt_median_06,-0.0008723235086900094,0.0004986746504336427
tonnetz_kurtosis_02,-0.0008820261151011088,0.0008271356375215695
spectral_contrast_std_01,-0.0008828465312450906,0.0025790392761375833
chroma_cqt_std_09,-0.0008986577166111732,0.0008166357625915182
chroma_cqt_std_02,-0.0009039898693612436,0.001481332446607936
chroma_stft_min_06,-0.0009088965701429252,0.0014611782160602715
chroma_cens_skew_08,-0.0009143830409517661,0.0017199855414977796
mfcc_skew_15,-0.0009170851701626071,0.0008756590434449942
spectral_contrast_mean_02,-0.0009247026126295022,0.0013603464245377493
chroma_cqt_kurtosis_10,-0.0009320709336865018,0.002063010501909047
mfcc_skew_12,-0.0009329989991125276,0.000938559877225869
chroma_cens_std_06,-0.0009405830661073089,0.0013757766948635222
chroma_cens_max_04,-0.0009501463983707159,0.0010121026987879374
spectral_contrast_max_04,-0.0009642654695063646,0.0009664230318764667
chroma_cens_kurtosis_10,-0.0009653860465255515,0.0026871290898180743
chroma_cqt_median_01,-0.0009677611165864631,0.0019512142428675591
tonnetz_max_06,-0.0009938079400673317,0.0010678093192542932
spectral_contrast_mean_04,-0.0010068710775938184,0.0020974548391158305
mfcc_std_01,-0.001013869145535007,0.0027697117842728626
mfcc_std_07,-0.0010264502310736612,0.0012063039359886463
chroma_cqt_median_09,-0.0010533555637966762,0.0018447902213963464
chroma_cqt_std_07,-0.0010555100093251224,0.0019647188467931285
mfcc_skew_03,-0.001063811421782468,0.0038383518519174036
chroma_cqt_std_05,-0.0010888942475335839,0.001344550325809218
chroma_stft_skew_03,-0.001114813244583146,0.0008107684891335348
tonnetz_mean_03,-0.0011579061500193166,0.0006730510071804845
tonnetz_min_01,-0.001160649920558865,0.0019055327722412047
spectral_contrast_min_05,-0.0011881254301334744,0.0017532169516638236
chroma_stft_mean_09,-0.0011980108321525628,0.0011613622817291194
spectral_contrast_std_04,-0.0012342670890042485,0.0030839523389373227
chroma_stft_kurtosis_05,-0.0012385294393398917,0.0018233050178911555
chroma_stft_std_02,-0.0012541365155770811,0.0026115269950900814
chroma_cqt_min_10,-0.0012589616794490832,0.0008973471635909975
chroma_cens_skew_02,-0.0012908693777658187,0.002259904904808118
spectral_contrast_min_04,-0.0012941390633510574,0.0015937488914397788
mfcc_mean_06,-0.0013344610493872366,0.0013184260907308475
tonnetz_skew_03,-0.0013563515557487415,0.0011910271004620286
mfcc_max_14,-0.0013721418436806465,0.0012518738984744053
rmse_mean_01,-0.001380368343817634,0.001758902267867277
mfcc_max_04,-0.0013875156719249993,0.005195930321825326
tonnetz_max_02,-0.0013908746174874365,0.0008105259140251328
spectral_rolloff_kurtosis_01,-0.001406359772005622,0.000979605469100189
chroma_cens_skew_11,-0.00140726651206724,0.0015183467507527931
chroma_cens_mean_05,-0.0014455324183149266,0.001193111841174912
chroma_stft_std_12,-0.0014492433110924463,0.0021411745141951505
chroma_stft_kurtosis_11,-0.0014534104768789912,0.0013719855068307404
spectral_contrast_kurtosis_03,-0.001460697063170685,0.0010162353006979276
chroma_stft_kurtosis_04,-0.0014718473018702992,0.0020800702873477648
spectral_contrast_kurtosis_02,-0.0015660444904950998,0.0030240170752510397
mfcc_median_09,-0.0015731074672557855,0.00249332809863211
mfcc_max_15,-0.001607555108915687,0.0013640278253376527
spectral_contrast_mean_01,-0.0016106531756684861,0.0035723804147389814
chroma_cqt_mean_03,-0.0016131278572269815,0.0020270141648295005
chroma_stft_kurtosis_09,-0.0016338261815409926,0.000747029650770324
mfcc_std_11,-0.001638537774579496,0.002735906839010208
chroma_cqt_std_12,-0.0016601969294402885,0.0010735642131163912
chroma_stft_skew_10,-0.0016811950502407468,0.001625681951068339
chroma_cqt_mean_10,-0.0016858282598380182,0.0010274517522325993
chroma_cqt_skew_06,-0.0017059948205972563,0.0019006996411316062
chroma_stft_skew_09,-0.0017172801490040468,0.0008314048283951471
mfcc_skew_09,-0.0017179906530873257,0.0015429660271530227
chroma_cens_kurtosis_06,-0.001730920261913227,0.0021134821323720585
chroma_stft_skew_04,-0.001781892547701802,0.0016050486194239203
spectral_contrast_skew_05,-0.0017900050821211988,0.0018558230795927887
chroma_cqt_median_10,-0.0018092338682886345,0.0019558964161828646
chroma_cens_median_11,-0.0018120051204718324,0.0014058191002805905
chroma_cqt_mean_01,-0.0018294061808071915,0.0023857411761406535
chroma_stft_kurtosis_02,-0.0018538054187065666,0.0014048674221077626
chroma_stft_mean_08,-0.001863356630260271,0.0026327165757079334
chroma_stft_skew_07,-0.001881524277394564,0.0021719011376404515
chroma_cens_skew_12,-0.001901639830548446,0.0022321572154332227
mfcc_min_07,-0.0019024529037188099,0.0032860439653922247
tonnetz_kurtosis_03,-0.0019066181090289015,0.00220178131701201
spectral_centroid_max_01,-0.001926611591799915,0.001970169705604435
chroma_cqt_std_04,-0.0019274913814291029,0.002074967393597014
mfcc_skew_08,-0.001962370593216356,0.001879786289484767
spectral_contrast_std_06,-0.0019710975050601432,0.0019186690885187783
tonnetz_mean_04,-0.0019979998457494374,0.0025627094483484675
chroma_cens_max_12,-0.001998464774701764,0.0010728196844012664
spectral_contrast_std_05,-0.0020250541500763997,0.0010951681109368945
mfcc_mean_14,-0.002038996312065433,0.0012693046609644032
tonnetz_mean_06,-0.002056183648307991,0.0008843976988264681
chroma_stft_skew_12,-0.0020728272139692804,0.0016053415191564914
mfcc_std_10,-0.0020904521636541827,0.0021668218771153285
mfcc_max_19,-0.0021044434140825075,0.0017927753632914158
chroma_cens_std_07,-0.0021303436601832317,0.0012558151202350146
spectral_contrast_median_04,-0.002134770176022027,0.0033288241881561154
chroma_stft_median_03,-0.00214838966278858,0.002878407708889815
mfcc_min_16,-0.002151965088511942,0.002804845565663095
chroma_cens_max_08,-0.0021529690383203957,0.0018704761899557933
chroma_cens_mean_03,-0.0021853089795657197,0.0018549871538523686
chroma_cqt_std_06,-0.0021907463976933326,0.0011514549230097727
chroma_cens_skew_07,-0.0021970219214777265,0.001132090146297756
spectral_contrast_min_02,-0.0022378065266079107,0.0023995885745420613
chroma_stft_mean_02,-0.002238866311750953,0.001624799329864785
chroma_stft_skew_02,-0.002302232604525789,0.001383930589812063
chroma_cens_kurtosis_09,-0.0023431864174275506,0.0034745257309933644
chroma_stft_min_12,-0.0023738898575410895,0.002470220331195879
mfcc_min_03,-0.002389601057524665,0.0032871384651997513
mfcc_std_05,-0.00239883548487983,0.0019188004134860078
mfcc_min_18,-0.0024020944950587817,0.0019571058936355295
chroma_cqt_mean_02,-0.002416928985995098,0.0018555928002326745
chroma_stft_kurtosis_12,-0.002417338037021155,0.0009794654815536603
chroma_cens_max_03,-0.002441382444116008,0.0035290329438680684
zcr_min_01,-0.002469321373733019,0.0017732005671694127
spectral_contrast_min_06,-0.002520557365737075,0.0015484404478369688
chroma_cqt_std_08,-0.002524793369825684,0.0022291551001092833
spectral_rolloff_min_01,-0.002528158972764383,0.0013400789917206786
chroma_stft_mean_03,-0.0025401089459431868,0.0019033040430692025
mfcc_median_02,-0.002555372246667692,0.003491438936933934
chroma_cqt_min_09,-0.002555877977261095,0.0022167606229206932
chroma_cqt_min_07,-0.0025756102984087815,0.0003841619249503297
mfcc_skew_02,-0.0027479984553681,0.0019607215556502328
chroma_cens_min_04,-0.0027560981853388344,0.0009508895913592666
chroma_cqt_median_12,-0.0027635317729721278,0.0028780702863792818
spectral_contrast_min_01,-0.0029070119913976013,0.0017850475982793233
mfcc_max_01,-0.0029470793438596933,0.003261434910053193
chroma_cens_skew_09,-0.0029496258450990077,0.002209587361281572
spectral_contrast_std_07,-0.0032167660279559807,0.004813819283462166
mfcc_skew_20,-0.0032187406278606336,0.0025649892563991464
spectral_contrast_skew_04,-0.003243815312356224,0.0014590302880494197
mfcc_skew_18,-0.0032541880382120415,0.001771869448127566
tonnetz_min_06,-0.0033207302330344746,0.0016053986602156283
chroma_cens_std_12,-0.003326124297131,0.0019791772053808798
chroma_cqt_skew_11,-0.00337825491552689,0.0005912875462911101
chroma_cqt_kurtosis_06,-0.003499844825860343,0.0028579629858213494
mfcc_std_19,-0.003505366407125415,0.0016078308236733632
chroma_cens_mean_11,-0.003597359089901214,0.0014001956533445728
mfcc_min_06,-0.003772643960755673,0.001336584759700751
tonnetz_skew_05,-0.003949732908686771,0.0018800549360266823
chroma_stft_kurtosis_08,-0.003963026437433309,0.0021988641211892084
spectral_contrast_min_03,-0.003972882516019838,0.002614776432136781
spectral_bandwidth_median_01,-0.00400168866424766,0.001085081027783612
mfcc_median_12,-0.00406580989449914,0.0020813013366917208
mfcc_kurtosis_14,-0.004317051659298748,0.0029961859013613048
mfcc_max_12,-0.004456566377192839,0.002065767702697034
chroma_cens_mean_01,-0.0044754647164488015,0.0016380444216232701
tonnetz_max_01,-0.004636235761099883,0.0016989423554537974
mfcc_max_08,-0.0046796513811084685,0.0014325527811711195
mfcc_kurtosis_02,-0.004700019850606885,0.0022833704138154206
chroma_cqt_median_11,-0.004875995007455153,0.0007279109886957469
chroma_stft_std_08,-0.004967885697908081,0.002285501122260936
spectral_contrast_median_02,-0.005099410589866604,0.003419503360411898
mfcc_mean_20,-0.005279497357359714,0.002097939775329645
mfcc_median_14,-0.006003784594346084,0.0032088187683870922
chroma_cens_std_10,-0.006503159374016104,0.0013296751247852219
